height,weight,chest,waist,size
177.3,92.6,115.7,106.1,XL
175.2,82.3,101.2,87.2,L
184.1,86.6,110.8,99.3,XL
179.8,72.9,110.2,103.6,XL
180.7,90.9,107.1,102.3,XL
166.4,72.6,95.7,76.2,M
183.9,81.5,118.9,92.7,XL
161.7,62.2,91.2,80.4,M
171.3,72.1,87.9,70.5,M
184.0,73.6,94.6,82.5,L
191.9,101.9,119.9,115.7,XXL
181.8,70.7,106.9,97.8,L
165.0,62.5,96.0,85.9,M
168.5,58.8,101.3,87.4,M
189.0,92.4,107.8,99.5,XL
180.2,90.3,103.8,99.4,XL
156.3,54.7,75.7,68.3,S
160.6,36.1,82.7,72.1,S
181.5,106.5,124.8,115.6,XXL
181.0,87.3,105.5,91.9,L
189.8,88.3,109.4,97.8,XL
155.8,49.4,81.6,61.2,S
175.9,81.8,114.8,92.5,L
183.4,112.3,120.0,108.9,XXL
156.0,50.8,78.9,65.1,S
165.5,68.7,93.6,82.1,M
197.4,93.6,126.0,123.8,XXL
176.9,71.0,98.7,74.5,M
198.4,116.1,118.7,112.5,XXL
160.2,42.4,88.7,72.6,S
174.7,90.5,107.6,102.8,XL
162.6,32.2,86.9,75.6,S
157.9,56.4,90.3,73.2,S
149.7,53.0,90.0,70.9,S
165.8,43.5,84.7,70.6,S
155.9,53.9,85.8,65.7,S
184.1,96.2,106.7,107.2,XL
194.4,97.4,119.5,105.2,XXL
192.1,84.1,108.2,106.6,XL
197.6,91.2,117.2,91.0,XL
195.5,104.8,112.4,106.9,XXL
158.4,73.8,87.8,64.9,S
186.9,81.2,93.3,88.5,L
181.6,62.4,106.0,90.3,L
178.9,77.9,111.3,105.1,XL
174.3,65.7,97.8,90.6,L
170.3,55.9,96.1,83.4,M
162.5,46.2,73.2,72.8,S
171.8,67.1,94.1,85.2,M
152.9,56.0,83.0,65.9,S
174.6,106.0,106.8,107.2,XL
159.3,67.9,91.5,80.5,M
172.1,93.4,110.8,104.7,XL
179.6,91.7,114.3,96.1,XL
186.2,84.6,104.1,92.7,L
174.0,84.8,99.2,89.3,L
200.7,99.6,114.7,109.9,XXL
152.4,59.3,96.7,76.2,S
173.6,67.8,102.6,101.2,L
174.2,69.8,91.1,67.4,M
199.8,93.6,121.4,112.8,XXL
170.4,83.8,96.4,85.5,L
187.4,91.2,121.0,103.2,XL
193.5,80.1,126.8,88.3,XL
196.8,108.6,117.1,115.5,XXL
187.1,106.7,129.3,109.2,XXL
162.6,58.4,105.7,79.8,M
175.4,67.5,98.9,83.8,M
146.7,63.1,95.2,80.1,S
167.3,68.2,100.0,97.0,L
194.6,96.1,118.8,116.7,XXL
158.0,78.0,74.7,64.9,S
179.9,77.0,104.6,93.6,L
191.2,98.6,115.4,113.6,XXL
193.7,110.0,123.9,106.6,XXL
175.9,63.8,89.0,78.1,M
189.3,94.0,114.3,100.4,XL
187.0,94.1,114.5,112.5,XXL
196.9,101.2,120.0,120.2,XXL
179.9,89.8,109.1,89.0,L
174.6,66.1,113.5,92.8,L
193.3,110.9,117.4,116.6,XXL
151.3,45.2,81.9,72.7,S
171.3,65.1,94.6,75.4,M
179.8,82.3,122.6,95.8,XL
177.3,85.8,95.3,94.7,L
176.7,102.7,109.5,94.7,XL
192.1,120.0,129.7,108.5,XXL
180.1,86.8,124.1,89.6,XL
164.2,50.9,83.6,68.3,S
162.0,51.9,92.2,65.9,S
159.3,61.9,74.4,66.4,S
184.0,90.4,111.3,103.7,XL
151.8,56.3,90.4,79.2,S
163.1,87.9,110.9,105.4,XL
172.4,66.0,82.5,75.8,M
198.9,112.0,121.4,109.9,XXL
184.3,91.9,118.9,112.3,XXL
176.4,83.7,113.0,90.4,L
185.3,74.9,119.8,103.9,XL
169.9,71.4,92.3,70.0,M
160.9,74.6,96.3,71.8,M
180.2,70.5,100.9,83.6,L
178.3,86.6,104.5,92.1,L
173.1,73.5,95.4,88.9,L
167.8,58.5,90.2,78.4,M
160.7,67.8,81.7,63.6,S
165.1,47.0,79.6,73.5,S
171.2,77.8,92.5,80.8,M
183.1,70.1,104.2,95.8,L
183.2,82.4,104.4,101.2,XL
155.4,56.6,91.1,71.3,S
160.6,66.7,91.9,67.3,S
170.0,76.8,94.5,74.8,M
182.5,76.1,82.0,86.4,M
198.4,94.5,112.5,117.6,XXL
193.0,103.4,122.8,98.3,XXL
179.0,85.3,103.9,92.7,L
181.4,84.7,93.5,105.7,L
186.0,109.6,119.4,101.2,XXL
161.3,65.7,89.9,74.6,M
194.6,105.1,129.3,101.9,XXL
182.4,49.4,85.6,81.4,M
184.3,60.2,92.7,81.0,M
192.2,100.2,124.5,111.1,XXL
183.3,90.9,110.4,103.5,XL
180.4,74.6,105.7,102.5,L
188.9,76.3,111.0,111.4,XL
182.2,95.7,116.0,80.5,L
158.6,58.6,89.4,70.6,S
164.3,89.5,111.3,84.7,L
172.0,61.7,97.8,93.6,L
175.1,81.2,97.5,85.1,L
160.4,48.2,86.9,72.0,S
160.5,44.4,79.3,56.8,S
191.7,86.4,111.4,96.7,XL
192.0,106.0,118.3,109.4,XXL
173.3,102.0,117.9,99.7,XL
182.4,86.5,117.9,109.4,XL
194.7,94.7,115.3,102.7,XL
166.4,75.4,90.2,77.0,M
184.3,98.8,103.8,109.2,XL
155.2,57.3,86.9,77.9,S
183.1,59.4,102.6,93.8,L
175.0,64.7,91.3,80.5,M
176.5,75.8,87.8,89.7,M
166.5,37.2,77.9,73.1,S
197.7,77.0,114.7,106.8,XL
153.6,43.1,75.8,58.5,S
175.3,61.0,95.4,98.8,L
186.3,56.7,91.5,82.6,M
175.9,75.0,95.6,85.3,L
167.8,64.4,96.9,75.4,M
197.3,87.6,119.4,108.3,XXL
179.7,113.1,129.8,113.0,XXL
181.9,88.2,118.9,94.4,XL
176.3,69.5,100.4,88.5,L
160.0,79.1,86.6,75.1,M
168.0,64.2,91.1,86.1,M
149.5,47.6,89.8,69.8,S
173.7,29.7,89.2,76.3,S
156.3,48.7,76.3,70.6,S
191.2,97.2,126.4,101.8,XXL
170.9,51.8,78.6,64.5,S
187.7,90.6,98.0,93.1,L
188.1,114.1,121.5,120.7,XXL
173.1,59.2,95.1,75.5,M
174.9,64.0,98.5,89.0,M
173.1,64.1,93.7,73.3,M
166.5,66.0,109.4,79.4,M
167.1,83.4,86.4,72.0,M
171.9,51.6,74.7,67.6,S
176.2,72.7,108.0,96.1,L
161.1,41.3,86.3,73.7,S
194.8,112.4,124.2,112.1,XXL
160.8,64.5,98.9,80.8,M
185.1,109.9,122.8,106.2,XXL
196.8,104.4,121.2,117.3,XXL
178.1,75.4,99.4,67.9,M
191.3,101.2,131.5,106.6,XXL
192.0,92.5,126.3,102.9,XXL
195.2,107.3,115.9,115.5,XXL
178.5,86.5,100.9,98.5,L
205.6,99.8,119.9,102.9,XXL
161.7,35.3,72.8,68.2,S
164.0,58.9,93.8,81.4,M
154.3,49.8,87.4,60.8,S
177.4,78.4,110.8,88.0,L
189.2,101.0,126.8,115.0,XXL
175.0,55.8,73.8,71.1,S
182.8,86.4,106.1,87.7,L
191.2,92.9,133.3,122.8,XXL
156.5,58.0,92.9,69.4,S
181.3,86.7,98.9,90.6,L
175.7,84.2,113.8,110.8,XL
194.2,96.5,103.1,106.8,XL
190.9,111.9,127.3,124.1,XXL
193.5,102.1,127.5,118.7,XXL
158.4,49.9,77.0,65.5,S
196.1,117.3,120.1,114.9,XXL
177.8,82.4,100.7,93.8,L
172.5,68.2,92.6,80.0,M
191.1,105.4,115.8,116.5,XXL
181.7,84.6,113.7,98.0,XL
177.3,53.5,95.1,82.5,M
174.5,72.8,89.8,79.8,M
174.5,93.3,110.6,100.4,XL
183.2,73.7,118.4,106.5,XL
169.3,55.2,94.5,87.0,M
183.9,110.7,125.5,108.6,XXL
176.7,68.8,103.3,93.8,L
166.9,73.5,111.0,84.4,L
162.5,76.6,93.5,86.7,M
185.6,88.2,118.2,104.3,XL
173.9,75.6,95.2,84.3,M
151.4,56.8,75.1,71.9,S
184.8,84.6,119.0,96.1,XL
189.8,74.9,106.0,89.6,L
182.7,81.4,98.2,89.7,L
161.0,44.7,83.9,67.7,S
187.1,104.3,108.7,100.2,XL
181.7,96.1,129.5,115.3,XXL
178.4,72.4,94.4,76.1,M
177.6,69.5,92.0,94.5,L
178.7,85.6,102.8,97.9,L
188.1,74.3,114.4,96.5,XL
158.1,55.4,87.1,66.6,S
170.1,87.6,101.1,108.6,XL
187.7,81.8,112.5,90.0,XL
195.6,112.0,112.8,106.6,XXL
184.2,102.6,119.7,117.7,XXL
170.1,48.3,90.5,69.8,S
173.6,74.1,86.3,70.7,M
178.3,71.2,96.4,75.9,M
171.9,62.7,84.1,79.7,M
193.7,76.8,124.9,105.3,XL
162.2,51.3,88.8,62.5,S
157.2,54.8,83.7,72.9,S
177.1,86.0,100.5,78.3,L
182.4,99.9,117.9,91.6,XL
155.5,41.6,92.4,60.4,S
199.0,106.4,121.2,122.7,XXL
180.9,90.4,106.6,103.8,XL
188.9,108.6,120.5,112.1,XXL
167.1,45.4,84.7,83.0,S
190.5,76.9,110.6,83.8,L
165.6,69.0,97.6,75.1,M
196.4,103.7,127.3,106.5,XXL
169.4,64.8,98.0,76.9,M
166.6,61.5,87.8,63.1,S
195.0,119.5,118.1,109.4,XXL
158.0,53.6,80.4,68.0,S
159.9,57.5,100.3,83.4,M
167.8,71.0,92.1,85.7,M
166.7,40.3,91.0,82.2,M
172.1,60.8,100.2,82.1,M
184.3,88.1,116.7,93.7,XL
156.5,59.5,94.4,86.8,M
175.7,76.8,120.1,114.6,XL
182.1,82.6,102.5,92.4,L
170.7,74.1,95.6,89.4,M
192.8,123.8,127.1,113.2,XXL
172.5,93.2,123.1,104.6,XL
153.6,52.5,86.0,72.4,S
150.4,55.5,83.9,73.3,S
162.9,33.8,85.5,83.5,S
179.8,84.7,105.6,110.5,XL
191.1,107.1,114.3,114.3,XXL
188.8,85.5,124.9,95.0,XL
166.6,68.5,87.1,78.5,M
163.8,55.3,82.9,69.2,S
197.3,118.0,114.8,113.6,XXL
189.5,125.6,119.2,121.8,XXL
195.9,113.8,125.8,108.8,XXL
171.0,67.0,98.9,72.1,M
180.5,81.9,110.1,92.7,L
191.4,88.3,110.9,101.2,XL
193.8,92.5,117.4,116.4,XXL
177.4,55.3,104.0,82.5,M
184.6,84.6,108.1,103.8,XL
169.3,57.8,89.6,87.4,M
183.9,93.1,108.5,98.3,XL
178.4,84.2,104.5,97.4,L
172.6,67.7,94.9,94.8,L
177.6,82.9,109.8,98.6,XL
178.4,65.1,100.7,94.9,L
172.3,84.9,94.0,85.0,L
181.7,93.7,111.4,107.0,XL
171.6,67.6,90.0,86.0,M
157.4,47.6,84.5,73.3,S
168.6,66.6,108.8,78.2,M
191.7,104.1,127.1,118.0,XXL
173.0,65.4,83.2,76.1,M
178.4,88.8,106.7,103.6,XL
164.2,68.3,89.9,79.6,M
181.9,89.0,100.4,79.6,L
156.3,49.6,81.7,71.0,S
176.4,95.0,109.6,95.8,XL
193.0,123.3,117.7,110.7,XXL
194.3,81.5,116.3,87.0,XL
192.5,104.2,120.6,109.7,XXL
186.7,108.1,115.1,113.1,XXL
192.5,113.6,123.3,109.4,XXL
148.2,68.5,76.8,69.8,S
188.4,80.1,116.7,107.2,XL
198.8,103.3,120.0,118.2,XXL
162.0,50.7,88.9,65.7,S
192.5,99.7,115.7,104.8,XXL
160.2,46.0,86.8,65.9,S
156.4,51.4,90.6,73.5,S
173.2,88.4,98.1,82.0,L
171.7,82.3,111.1,94.3,L
173.6,75.5,86.5,77.0,M
154.8,45.0,89.8,69.7,S
166.1,72.4,94.3,81.6,M
190.2,111.6,117.6,114.2,XXL
173.3,63.3,90.4,72.3,M
165.0,85.8,100.9,85.4,L
182.7,87.8,115.8,104.9,XL
170.7,87.1,101.9,93.3,L
162.6,69.8,86.2,81.4,M
184.7,71.6,105.8,79.7,L
189.4,104.3,128.9,115.5,XXL
175.5,70.5,112.9,87.0,L
148.6,52.6,94.9,73.7,S
191.7,95.4,113.2,92.7,XL
163.2,54.7,78.9,66.3,S
162.2,73.6,98.6,83.5,M
174.9,69.1,105.7,98.7,L
165.3,70.2,93.3,82.5,M
181.8,81.8,105.4,69.9,L
165.1,48.2,97.5,82.0,M
180.4,71.0,101.5,82.9,L
156.7,72.5,80.6,71.1,S
181.2,80.1,103.8,85.7,L
168.2,65.5,100.5,71.5,M
177.0,74.4,108.2,95.7,L
167.4,96.4,111.4,94.7,XL
159.5,51.0,93.1,73.8,S
172.6,86.5,106.7,83.5,L
181.9,92.1,120.9,98.2,XL
179.8,67.0,108.3,100.1,L
192.6,106.6,121.5,115.2,XXL
187.8,108.2,122.8,120.3,XXL
195.5,116.4,124.6,112.9,XXL
180.4,93.8,108.0,101.8,XL
186.1,91.0,108.1,94.6,XL
183.3,72.5,103.6,91.5,L
167.1,70.7,95.0,79.0,M
178.6,69.0,93.4,83.8,M
172.1,78.5,101.0,77.7,M
162.5,52.0,86.7,65.8,S
182.0,124.3,124.5,114.1,XXL
156.4,65.0,85.6,66.5,S
153.9,52.5,86.6,74.2,S
161.4,63.4,76.0,73.3,S
162.4,64.5,91.3,92.1,M
181.7,94.5,104.1,85.6,L
184.4,89.8,113.9,108.7,XL
187.1,97.4,124.7,121.7,XXL
184.2,108.7,133.5,114.3,XXL
165.3,51.4,82.9,89.2,M
170.8,81.7,113.2,94.7,L
178.7,66.5,109.5,86.0,L
178.3,81.0,107.1,103.2,XL
172.9,58.2,90.1,86.2,M
182.7,75.8,104.2,82.3,L
180.7,85.9,115.8,104.6,XL
184.0,73.0,106.0,86.7,L
161.6,51.6,90.9,78.6,S
178.8,92.9,110.4,101.7,XL
187.5,92.6,115.2,97.9,XL
182.4,96.9,125.7,116.4,XXL
159.5,34.1,81.0,76.0,S
167.3,62.6,95.5,77.2,M
175.6,70.6,113.7,88.1,L
171.7,39.0,88.8,73.7,S
172.6,80.6,96.9,97.1,L
178.5,94.0,119.2,97.7,XL
193.1,106.4,126.1,114.9,XXL
183.2,80.8,94.6,81.4,L
178.3,87.6,121.8,97.7,XL
174.8,77.3,106.0,91.1,L
163.1,49.9,88.4,73.7,S
184.2,91.2,126.3,105.7,XXL
164.0,48.9,86.0,66.1,S
189.3,103.3,124.5,108.5,XXL
188.8,77.1,107.7,93.6,L
162.6,59.2,89.4,71.3,S
187.0,111.4,114.2,109.0,XXL
181.2,71.9,89.2,75.7,M
185.6,95.1,117.9,116.1,XXL
183.5,97.0,111.7,94.7,XL
196.6,81.1,121.3,110.5,XXL
198.4,113.9,121.8,109.0,XXL
197.0,88.6,114.7,103.3,XL
173.7,52.9,83.4,68.9,S
160.6,48.2,82.8,71.8,S
161.6,64.3,85.0,84.6,M
158.8,52.1,90.5,66.5,S
157.0,41.3,80.5,75.1,S
158.1,45.6,90.5,70.1,S
188.2,105.9,128.5,111.5,XXL
181.7,90.1,129.0,110.9,XXL
195.0,95.7,130.3,106.1,XXL
181.1,91.2,123.7,105.4,XL
176.5,69.7,90.0,81.6,M
189.5,90.9,104.0,94.6,XL
161.0,55.5,77.5,78.5,S
178.3,98.4,102.2,88.1,L
179.3,91.5,107.4,95.5,XL
183.2,74.9,110.7,100.6,XL
186.6,109.9,132.0,111.2,XXL
190.3,87.3,109.6,99.0,XL
166.0,46.6,92.4,68.5,S
191.1,67.0,101.8,91.4,L
167.0,87.4,113.5,94.7,L
168.4,76.7,86.7,63.8,M
188.2,111.2,131.9,120.4,XXL
185.6,74.0,98.8,91.3,L
197.3,105.9,133.1,124.2,XXL
177.3,90.8,113.3,99.1,XL
171.4,75.1,93.2,87.9,M
187.5,113.6,121.2,98.3,XXL
184.1,91.2,115.2,95.3,XL
199.8,75.6,110.9,95.9,XL
184.4,74.3,98.8,93.3,L
182.4,98.1,124.4,115.0,XXL
179.8,68.5,100.9,93.4,L
196.6,120.7,116.6,115.0,XXL
190.5,104.3,127.1,113.6,XXL
179.5,81.7,110.5,90.6,L
192.0,118.0,125.0,109.6,XXL
159.3,42.6,83.9,72.3,S
189.5,55.0,83.1,91.6,M
165.2,103.1,110.3,91.3,L
185.2,75.3,106.5,99.0,L
191.0,104.9,115.7,117.8,XXL
171.4,71.2,108.3,84.8,L
181.7,63.1,99.7,86.6,L
178.6,75.5,90.8,86.1,M
183.7,82.1,108.4,93.1,L
161.1,53.2,80.3,71.9,S
154.2,59.8,86.8,58.9,S
194.4,95.4,116.3,104.8,XL
168.7,52.0,82.9,70.5,S
175.9,74.9,96.6,78.0,M
183.0,76.4,102.4,78.0,L
151.1,54.1,92.9,67.1,S
164.1,55.2,91.8,68.9,S
186.6,107.7,104.6,98.7,XL
191.4,116.0,117.1,112.4,XXL
163.3,62.4,88.2,85.6,M
156.2,52.1,89.7,63.8,S
157.6,61.6,95.1,73.7,S
176.2,59.7,93.0,85.7,M
163.6,50.6,79.5,72.1,S
174.4,65.9,96.8,85.4,M
195.8,114.9,124.5,113.2,XXL
161.2,49.7,81.4,70.8,S
175.4,104.8,123.6,118.7,XXL
177.6,70.0,95.3,72.0,M
181.6,93.9,111.8,112.6,XL
163.9,58.0,83.4,67.4,S
178.8,99.0,106.9,109.9,XL
158.0,56.8,80.7,69.0,S
164.4,65.8,87.5,84.7,M
168.7,43.9,98.7,65.5,S
183.9,87.9,114.1,103.3,XL
166.3,46.2,84.7,79.3,S
171.4,73.8,92.8,75.9,M
157.9,47.4,84.6,79.3,S
189.7,105.4,125.3,104.7,XXL
194.0,110.4,110.4,106.4,XXL
185.8,94.5,114.9,103.8,XL
188.9,118.3,124.1,113.4,XXL
180.0,95.0,118.6,108.7,XL
167.7,56.5,77.3,71.5,S
195.4,105.5,126.6,105.8,XXL
163.8,50.1,82.4,59.0,S
166.7,60.9,84.0,74.6,S
153.5,50.8,84.2,73.5,S
193.9,106.5,125.7,121.4,XXL
203.7,92.5,123.7,118.7,XXL
187.4,109.7,114.4,114.8,XXL
155.1,62.5,79.0,79.5,S
169.4,68.2,96.4,83.2,M
188.3,79.7,108.3,102.8,XL
170.0,77.5,97.7,78.8,M
167.1,68.7,102.3,80.4,M
186.7,93.3,145.0,103.2,XXL
155.6,53.9,73.8,67.5,S
155.9,58.3,72.2,75.4,S
179.2,96.0,107.5,104.3,XL
174.8,105.9,117.3,115.8,XXL
168.9,66.4,99.3,79.1,M
168.9,72.4,93.2,89.1,M
172.5,54.4,90.7,73.8,M
175.7,101.1,118.1,97.8,XL
167.6,49.0,81.1,75.7,S
166.1,74.7,94.4,87.9,M
149.3,54.6,81.0,69.5,S
194.1,84.5,119.6,105.9,XL
196.0,103.7,130.6,106.6,XXL
188.0,93.7,103.6,95.9,XL
195.2,109.6,121.2,105.2,XXL
182.2,72.0,97.0,90.9,L
187.0,74.0,93.5,90.8,L
156.6,62.6,94.9,82.9,M
175.7,80.0,116.0,108.7,XL
183.7,93.6,111.9,97.7,XL
176.4,79.8,102.8,89.6,L
156.7,43.2,86.6,74.7,S
179.7,105.0,102.7,103.0,XL
172.7,60.7,89.7,88.7,M
175.6,80.4,106.9,97.5,L
160.9,62.1,99.3,83.5,M
173.7,67.4,73.3,66.1,S
191.1,106.8,130.3,121.0,XXL
172.3,71.5,90.1,84.6,M
169.9,83.5,101.6,87.5,L
178.0,81.2,121.5,90.9,XL
166.1,50.5,75.4,73.6,S
156.8,38.3,77.3,77.4,S
167.0,55.0,90.6,82.0,M
180.8,88.7,103.8,88.4,L
168.6,57.6,99.3,86.2,M
160.6,40.4,85.0,65.8,S
159.5,64.0,99.7,72.3,M
165.7,66.4,90.7,78.4,M
178.7,89.3,126.3,104.6,XL
184.0,62.0,115.7,86.6,L
150.1,53.4,83.2,64.0,S
188.7,107.2,134.0,116.3,XXL
160.9,48.0,87.7,69.0,S
163.4,51.5,90.7,68.0,S
165.0,70.6,93.8,92.6,M
172.8,76.9,105.9,91.1,L
185.6,92.4,97.1,103.5,XL
188.5,89.1,96.2,94.1,L
187.5,81.0,108.2,88.7,L
179.6,78.1,85.1,73.2,M
173.0,68.8,94.5,84.5,M
186.5,83.5,104.9,100.3,XL
175.6,89.8,107.6,86.5,L
157.5,62.9,86.0,75.4,S
189.6,64.6,96.3,77.1,M
166.7,71.9,91.7,79.7,M
174.0,103.0,111.2,99.8,XL
185.5,87.0,124.5,93.9,XL
168.9,52.7,88.9,73.3,S
176.0,73.1,97.5,85.0,L
157.1,69.3,100.3,77.2,M
157.0,56.6,87.4,73.6,S
161.5,58.8,89.6,73.4,S
196.4,87.9,115.6,112.1,XXL
195.5,108.9,126.5,115.6,XXL
146.1,43.5,79.4,78.9,S
195.9,112.3,116.5,112.3,XXL
154.1,37.7,87.4,72.1,S
165.3,62.7,94.6,70.8,M
178.6,85.9,109.1,94.6,L
185.6,90.3,123.0,97.0,XL
171.2,55.1,78.8,73.2,S
173.2,49.3,91.8,80.3,M
189.7,120.5,123.4,116.3,XXL
163.9,65.3,98.5,86.7,M
153.9,67.1,93.7,75.4,S
198.8,113.0,125.7,122.6,XXL
166.4,51.2,81.9,68.4,S
166.3,77.0,81.8,77.3,M
177.8,76.4,98.6,86.0,L
187.4,84.0,114.9,107.1,XL
158.8,46.7,82.2,78.1,S
178.7,110.0,120.2,104.9,XXL
172.7,89.7,101.3,89.2,L
176.9,83.2,105.9,91.8,L
161.6,64.1,92.4,72.5,M
198.0,96.0,128.0,106.5,XXL
175.3,74.2,105.8,92.8,L
163.8,40.3,92.8,67.9,S
181.2,73.9,93.4,72.7,M
185.2,117.0,116.5,114.1,XXL
187.8,93.8,124.1,117.4,XXL
153.8,53.9,73.1,57.6,S
165.6,43.2,84.6,69.7,S
182.9,97.8,127.6,106.3,XXL
196.2,109.0,123.1,119.8,XXL
188.4,96.5,111.5,97.0,XL
188.0,108.9,120.8,112.4,XXL
167.9,76.4,94.4,71.4,M
201.4,99.2,125.4,109.7,XXL
155.8,53.0,91.0,65.1,S
183.9,103.0,123.8,111.2,XXL
176.9,77.7,102.6,86.8,L
163.8,73.9,94.2,73.3,M
182.1,73.2,95.5,86.3,L
161.2,47.2,89.3,77.0,S
181.9,100.6,128.2,113.0,XXL
172.2,48.2,97.8,85.3,M
163.9,52.0,81.4,76.4,S
166.9,66.2,95.1,80.3,M
179.7,67.8,91.9,87.7,M
184.6,85.7,117.8,99.6,XL
179.3,71.8,96.5,82.8,M
180.6,79.1,105.3,95.8,L
162.3,50.4,94.5,79.4,M
173.2,76.8,109.6,91.6,L
180.6,75.3,103.0,91.3,L
191.5,106.5,122.5,110.1,XXL
191.5,111.6,123.8,114.7,XXL
188.9,101.1,126.1,113.9,XXL
188.8,99.0,122.9,102.7,XXL
169.3,58.8,96.0,80.1,M
159.6,55.8,89.2,66.1,S
187.1,102.2,119.4,104.2,XXL
195.1,117.0,123.5,104.7,XXL
163.0,65.1,85.4,84.7,M
161.9,51.7,93.3,65.5,S
182.9,86.4,127.3,121.8,XXL
179.0,69.7,104.1,87.9,L
189.7,118.6,131.5,111.6,XXL
158.4,60.4,80.8,58.2,S
165.6,52.3,94.4,70.4,S
197.3,88.7,115.8,90.9,XL
154.7,59.7,85.4,68.7,S
180.7,74.6,106.3,88.9,L
155.8,58.4,91.4,64.7,S
186.8,108.9,117.4,116.1,XXL
187.8,109.3,125.8,114.3,XXL
176.1,85.1,116.3,90.0,L
189.8,97.7,118.4,108.0,XXL
172.6,75.9,99.2,89.1,L
181.3,66.0,93.0,83.6,M
166.4,56.1,108.5,81.3,M
169.2,50.6,85.8,64.5,S
155.3,57.5,81.4,57.7,S
191.5,97.9,119.1,108.7,XXL
152.5,55.7,84.6,66.1,S
161.7,40.6,85.2,71.3,S
176.7,58.5,89.0,79.2,M
155.8,42.4,87.0,71.2,S
194.2,98.6,110.3,94.5,XL
192.0,109.3,118.2,106.1,XXL
181.7,61.1,81.6,83.5,M
180.4,88.2,104.2,97.6,L
170.1,66.8,85.7,78.7,M
171.4,80.4,103.7,92.9,L
162.1,71.8,90.7,74.8,M
172.3,92.0,109.6,88.6,L
179.2,98.1,110.2,98.1,XL
160.9,52.6,90.1,71.7,S
186.1,85.4,103.1,101.6,XL
174.7,52.0,86.7,78.6,M
150.4,42.3,84.3,68.5,S
191.6,115.2,128.4,113.7,XXL
174.0,65.7,92.9,78.2,M
185.6,103.0,115.5,114.7,XXL
187.1,82.8,104.4,88.7,L
186.6,87.4,118.1,104.7,XL
187.2,92.8,119.8,116.5,XXL
167.5,80.1,97.3,72.0,M
162.5,45.6,85.6,72.7,S
170.3,66.8,100.5,96.2,L
171.7,62.7,98.2,78.6,M
174.7,67.6,106.9,92.8,L
173.7,85.2,100.8,91.4,L
163.8,53.2,77.4,65.1,S
179.0,78.4,114.3,93.0,L
185.7,98.9,133.3,112.4,XXL
190.2,100.8,118.4,93.5,XL
172.4,68.4,84.6,88.3,M
177.6,82.2,105.2,99.9,L
189.0,99.6,121.7,109.9,XXL
184.6,77.9,110.8,101.7,XL
172.7,69.1,90.5,86.0,M
182.4,118.6,125.2,121.8,XXL
187.1,115.8,129.7,111.2,XXL
187.6,102.9,124.0,121.5,XXL
169.7,74.8,82.3,80.9,M
186.0,88.0,121.5,101.4,XL
187.0,72.5,111.8,82.9,L
177.2,82.6,99.8,95.1,L
176.9,67.1,93.4,86.3,M
162.7,42.8,79.7,63.8,S
158.0,49.3,93.0,67.1,S
168.8,59.0,100.3,89.9,M
169.8,64.5,87.5,74.6,M
169.2,70.9,82.5,87.9,M
185.9,113.4,128.9,105.7,XXL
186.1,89.4,103.6,102.0,XL
187.4,81.3,104.2,83.4,L
191.3,87.8,110.5,103.9,XL
183.3,82.8,119.1,97.8,XL
175.0,68.0,98.8,85.5,M
187.0,104.7,110.1,96.2,XL
186.4,108.6,121.2,107.8,XXL
178.1,88.0,116.3,97.7,XL
196.5,100.4,116.2,104.6,XXL
189.2,92.7,111.4,102.1,XL
186.8,106.7,115.5,82.3,XL
189.4,104.6,111.5,104.3,XL
187.8,117.0,136.7,106.3,XXL
173.4,52.1,83.7,67.7,S
163.3,71.4,82.8,60.0,S
182.0,72.2,107.5,87.6,L
183.2,87.7,118.1,99.7,XL
168.2,57.6,85.7,64.1,S
180.1,92.7,104.4,110.2,XL
158.1,51.8,82.9,68.1,S
193.2,89.2,121.2,105.5,XL
185.0,82.1,111.5,87.5,L
199.7,120.6,119.4,112.0,XXL
180.0,113.5,123.0,116.6,XXL
174.4,97.0,116.2,106.6,XL
183.1,71.5,99.2,87.7,L
191.0,80.0,102.2,104.3,XL
183.6,96.4,101.9,99.9,XL
187.2,72.7,101.7,91.7,L
153.1,53.4,84.7,75.5,S
169.4,43.3,81.4,55.6,S
183.8,92.2,120.4,100.5,XL
177.5,85.8,102.4,78.0,L
170.1,44.4,77.1,76.8,S
186.1,71.9,99.3,92.1,L
190.2,96.6,114.0,106.5,XL
170.9,81.6,116.5,83.9,L
176.2,76.1,119.3,86.1,L
188.0,99.6,109.5,99.7,XL
184.6,81.8,104.0,86.5,L
189.5,77.6,123.5,103.4,XL
184.1,84.0,106.8,89.0,L
183.8,114.8,118.2,121.8,XXL
152.9,60.7,88.9,57.4,S
191.3,97.2,123.5,114.0,XXL
190.5,88.0,126.7,106.1,XXL
161.8,51.8,79.1,83.3,S
171.0,69.1,108.7,76.7,M
185.0,101.0,122.8,112.5,XXL
197.0,99.5,115.3,106.2,XXL
184.9,96.8,135.9,114.0,XXL
150.5,45.6,83.6,69.5,S
186.2,65.7,92.1,91.6,L
173.6,48.8,86.9,73.4,S
193.6,96.9,118.1,102.3,XL
183.4,86.1,129.8,103.2,XL
192.4,101.1,114.7,118.9,XXL
178.4,112.0,122.2,112.4,XXL
184.8,85.3,112.6,104.8,XL
188.4,94.1,120.2,107.1,XXL
171.5,76.1,96.7,86.6,M
158.2,51.7,87.4,67.7,S
182.6,89.7,111.5,99.9,XL
198.4,109.4,114.7,112.8,XXL
169.3,58.6,91.7,77.5,M
187.3,78.4,120.2,98.0,XL
175.7,102.3,122.8,113.1,XXL
190.3,112.0,110.9,98.1,XL
171.1,54.3,91.5,80.8,M
171.1,96.1,108.3,89.5,L
150.2,53.0,85.9,70.8,S
175.8,55.4,100.9,75.6,M
157.8,51.5,77.9,66.9,S
173.2,65.5,93.8,73.9,M
193.7,113.3,115.6,127.9,XXL
182.9,87.1,121.1,96.2,XL
185.2,69.1,117.8,88.9,L
174.4,86.6,100.7,99.6,L
180.4,59.7,100.7,102.5,L
196.8,120.8,125.0,108.7,XXL
172.0,75.7,112.2,83.0,L
182.4,91.3,102.9,93.1,L
153.4,56.6,77.6,65.7,S
174.8,83.7,100.4,89.8,L
183.3,69.4,112.3,91.9,L
163.4,65.3,82.8,76.4,S
191.0,102.0,120.7,106.2,XXL
149.0,51.7,87.8,70.7,S
184.7,104.5,129.1,124.7,XXL
187.8,100.6,115.9,117.1,XXL
161.4,60.6,85.3,75.4,S
180.7,87.8,97.8,84.8,L
166.6,58.7,90.2,75.5,M
182.1,54.0,89.9,80.9,M
160.4,41.7,79.8,64.5,S
191.4,76.9,120.0,98.1,XL
189.4,113.0,135.4,116.5,XXL
165.0,70.4,96.1,74.5,M
157.6,41.1,88.2,68.5,S
155.3,60.7,75.9,67.5,S
188.9,108.2,128.2,116.4,XXL
157.3,44.8,83.6,72.9,S
184.1,78.3,109.9,89.3,L
179.0,96.1,104.7,96.2,XL
168.0,46.5,75.0,63.1,S
158.4,55.7,81.8,85.0,S
164.7,48.6,86.4,73.3,S
157.4,59.1,84.9,67.6,S
171.7,78.2,109.9,86.3,L
197.2,94.9,128.4,115.5,XXL
189.7,84.4,109.4,101.1,XL
192.8,100.7,118.8,97.4,XL
167.2,51.3,77.3,67.6,S
184.6,89.4,112.8,78.9,L
172.8,96.4,106.3,92.3,L
183.1,95.3,125.1,98.3,XL
195.2,102.5,120.6,114.0,XXL
163.5,55.4,92.8,76.5,M
161.7,71.3,100.0,75.6,M
192.5,105.3,115.4,104.1,XXL
157.8,49.1,80.9,69.8,S
186.0,104.0,120.4,97.5,XL
196.0,118.6,114.2,101.3,XXL
192.6,112.0,121.5,107.9,XXL
171.2,69.3,89.0,86.6,M
164.8,51.0,81.3,69.0,S
151.5,48.7,86.9,74.1,S
191.9,106.3,118.0,110.9,XXL
183.5,89.6,119.2,106.0,XL
169.4,61.4,90.6,86.6,M
195.8,109.5,125.9,114.6,XXL
178.2,74.0,107.9,78.8,L
171.4,65.1,88.1,87.8,M
179.9,77.0,104.7,83.3,L
173.9,77.1,100.3,82.5,L
177.5,104.3,123.1,110.0,XXL
166.8,42.4,78.1,75.9,S
162.9,48.3,79.2,70.5,S
188.3,76.7,102.9,83.4,L
179.4,65.5,90.2,74.7,M
161.7,52.2,86.7,81.0,S
172.4,82.9,111.5,88.8,L
154.0,55.4,78.9,70.6,S
166.3,60.6,99.4,86.4,M
175.6,80.2,103.7,91.1,L
197.2,93.2,121.7,110.0,XXL
170.0,53.7,87.2,75.4,M
176.8,73.8,110.2,81.5,L
171.8,56.3,91.3,87.1,M
162.8,51.4,88.7,81.5,S
193.7,96.6,120.5,97.2,XL
159.2,40.9,70.2,66.9,S
168.0,71.4,87.3,86.9,M
165.0,75.8,85.4,81.3,M
160.0,50.3,81.8,65.6,S
161.0,44.3,93.9,73.8,S
196.0,106.0,133.3,126.5,XXL
164.4,73.6,86.3,82.6,M
176.1,52.5,80.3,70.7,S
188.6,91.6,128.5,107.0,XXL
195.7,89.0,118.4,91.6,XL
179.1,108.9,113.2,108.0,XL
184.9,76.2,111.2,86.7,L
180.0,113.4,120.6,112.3,XXL
159.3,47.4,80.7,81.6,S
203.6,99.6,136.6,110.5,XXL
179.4,70.6,101.2,89.9,L
178.7,69.3,114.4,105.7,XL
199.2,113.0,124.8,124.5,XXL
175.7,80.6,108.0,98.1,L
172.8,59.2,103.1,84.0,M
168.5,73.8,96.4,78.9,M
196.0,100.6,114.1,121.0,XXL
183.1,75.0,104.6,89.1,L
171.1,85.4,107.2,94.4,L
203.1,109.6,120.5,108.3,XXL
194.1,109.0,126.5,113.2,XXL
193.5,104.3,126.0,113.0,XXL
184.4,82.8,117.5,103.3,XL
172.1,62.3,81.6,63.4,S
160.5,53.0,76.4,72.3,S
175.3,77.9,100.7,81.1,L
171.5,48.3,97.3,76.7,M
183.2,83.4,109.4,111.6,XL
187.9,107.4,114.9,107.2,XXL
157.5,62.4,103.9,82.2,M
192.3,81.0,103.4,80.4,L
182.2,84.3,111.2,89.1,L
170.1,53.8,88.1,81.2,M
161.3,50.0,102.9,75.3,M
157.1,57.6,80.9,69.5,S
175.7,85.3,96.3,97.9,L
188.3,108.3,125.1,118.4,XXL
169.6,58.4,89.2,61.5,S
184.5,99.8,119.5,108.8,XXL
189.2,89.8,119.6,113.2,XXL
183.6,99.4,118.3,112.2,XXL
185.4,93.2,120.8,100.6,XL
185.4,85.7,114.7,104.3,XL
181.2,93.3,105.8,101.0,XL
178.3,92.5,108.0,96.2,XL
176.9,98.4,117.4,95.8,XL
164.0,44.1,74.3,68.0,S
158.3,49.1,81.6,78.8,S
180.9,97.8,124.0,108.7,XXL
188.8,111.1,122.9,113.0,XXL
163.4,76.4,93.3,81.3,M
163.4,42.0,78.8,60.3,S
172.0,64.3,107.9,82.1,L
158.8,53.9,90.9,65.3,S
177.3,89.7,109.2,94.0,XL
179.4,82.2,122.7,93.0,XL
156.4,50.9,89.7,71.2,S
180.1,73.0,104.2,75.9,L
150.8,56.3,84.2,78.6,S
185.0,78.4,91.0,86.9,L
162.3,54.5,74.9,54.2,S
193.7,88.8,118.7,102.5,XL
165.4,64.7,80.8,87.9,M
187.2,86.2,110.1,100.5,XL
178.9,76.9,121.5,100.1,XL
172.3,73.2,101.6,85.7,L
190.8,86.5,113.9,98.8,XL
170.9,49.3,85.7,66.9,S
189.3,105.6,121.9,104.3,XXL
177.0,85.5,93.8,105.8,L
175.4,65.2,93.6,89.0,M
166.0,94.6,115.5,93.5,XL
155.9,39.4,79.2,70.9,S
173.1,88.7,114.9,88.6,L
173.2,67.9,107.1,97.4,L
176.1,78.2,102.0,80.1,L
179.2,95.5,116.7,98.2,XL
189.5,103.8,122.1,108.4,XXL
177.7,60.1,91.6,73.2,M
185.1,73.2,110.4,106.6,XL
179.4,84.2,103.7,100.2,L
175.2,74.2,111.3,90.3,L
183.8,88.4,101.8,93.1,L
165.5,63.1,80.4,74.6,S
174.1,81.0,110.6,103.1,XL
189.3,94.0,118.3,98.0,XL
181.7,67.2,99.6,74.6,M
182.4,91.9,114.5,101.0,XL
162.1,48.0,95.7,80.3,M
181.9,98.3,112.5,100.0,XL
179.1,69.8,97.1,77.4,M
159.7,59.0,95.1,82.7,M
185.2,65.8,97.7,90.8,L
165.5,45.6,77.1,70.2,S
182.7,98.2,103.1,96.9,XL
178.3,64.0,107.0,92.3,L
198.4,96.6,121.6,111.0,XXL
156.3,47.8,83.0,76.5,S
174.4,85.2,114.2,87.6,L
185.0,82.6,99.6,110.8,XL
162.5,64.5,82.8,59.4,S
200.7,106.2,125.1,104.3,XXL
180.1,90.2,113.7,90.5,XL
167.3,66.2,105.7,68.4,M
152.6,50.7,89.6,61.0,S
171.5,71.4,90.8,79.6,M
185.3,112.0,120.3,116.5,XXL
166.0,66.8,83.5,76.7,M
167.2,52.0,95.1,74.6,M
170.5,73.4,88.2,79.5,M
184.9,91.4,110.0,101.2,XL
162.3,69.5,99.5,79.2,M
181.5,76.8,110.7,92.2,L
186.6,67.1,92.6,72.6,M
180.8,88.5,93.6,83.7,L
178.0,75.6,96.1,74.8,M
159.2,58.8,83.3,67.7,S
170.8,59.7,95.6,81.5,M
174.7,64.6,85.7,86.2,M
187.9,87.3,132.2,105.5,XXL
183.6,113.8,123.0,109.2,XXL
180.6,72.3,110.6,89.9,L
174.7,83.6,111.0,88.4,L
173.6,61.8,96.8,97.4,L
176.6,78.5,104.7,100.8,L
173.6,48.8,95.2,78.1,M
193.8,108.2,121.6,104.5,XXL
160.6,47.3,80.8,76.0,S
159.6,55.9,88.2,67.0,S
183.7,110.0,118.8,109.9,XXL
175.1,68.3,94.6,82.3,M
176.2,80.5,104.2,105.7,XL
194.2,112.8,127.8,114.7,XXL
175.6,98.4,106.8,101.7,XL
181.3,67.7,103.9,86.2,L
170.0,78.0,86.6,84.1,M
166.2,48.3,89.3,69.9,S
191.4,104.6,117.8,105.7,XXL
160.0,62.7,92.7,81.6,M
169.7,68.9,94.9,82.3,M
155.4,51.6,80.8,76.2,S
174.4,73.4,82.9,64.4,M
182.3,82.0,98.9,90.6,L
181.1,98.6,117.0,112.5,XXL
188.4,95.1,117.1,112.2,XXL
163.0,45.0,88.5,66.2,S
181.0,74.9,102.7,97.9,L
179.7,89.5,130.4,107.4,XXL
174.1,64.4,91.1,93.8,M
172.5,63.2,102.4,85.0,M
169.5,62.6,88.0,82.2,M
188.9,91.3,124.4,95.0,XL
184.0,96.9,111.6,101.9,XL
186.4,102.6,128.9,108.5,XXL
157.5,50.1,75.2,59.1,S
176.9,87.6,112.0,99.0,XL
167.6,59.0,79.9,74.6,S
188.9,114.5,130.1,117.5,XXL
185.8,72.3,97.5,90.0,L
178.0,79.3,102.3,97.7,L
183.3,76.0,107.6,95.2,L
171.0,92.7,99.6,86.0,L
190.4,88.8,132.7,108.9,XXL
171.0,96.2,102.6,90.1,L
181.3,103.8,108.7,104.6,XL
167.1,56.5,89.6,79.4,M
150.7,47.7,86.3,75.0,S
151.3,51.5,75.2,77.9,S
147.9,29.3,88.9,70.8,S
180.5,61.9,92.6,95.8,L
174.1,60.9,87.5,62.0,S
188.2,107.2,112.1,94.4,XL
169.6,71.1,90.6,74.5,M
158.1,42.7,85.2,72.4,S
168.2,57.5,102.0,71.4,M
180.9,69.6,108.9,84.2,L
184.7,103.5,121.3,112.1,XXL
178.9,78.1,106.7,92.3,L
179.2,87.8,107.7,106.4,XL
175.7,69.2,92.9,78.8,M
164.7,54.1,78.2,72.0,S
163.5,51.0,92.4,67.1,S
185.4,85.4,107.5,107.7,XL
180.9,82.4,107.4,86.7,L
190.5,104.7,138.3,119.1,XXL
190.2,107.9,113.8,112.1,XXL
149.9,60.4,89.1,73.5,S
184.2,106.0,113.5,109.5,XXL
160.9,62.6,81.8,72.7,S
161.4,46.6,86.8,78.8,S
193.7,106.4,128.0,107.0,XXL
160.8,43.3,78.8,70.6,S
183.2,90.6,108.4,99.3,XL
161.0,75.2,90.0,84.3,M
194.7,97.3,125.6,118.1,XXL
181.5,75.7,113.3,93.9,L
190.1,97.2,127.9,112.1,XXL
196.5,102.4,104.3,107.1,XL
158.0,61.3,83.4,57.4,S
163.8,71.1,86.3,70.3,S
191.3,102.5,122.8,104.5,XXL
159.7,50.9,96.9,81.0,M
190.2,80.3,106.8,94.4,XL
149.2,51.8,82.0,71.1,S
189.7,102.3,119.9,118.9,XXL
153.6,71.0,87.3,75.8,S
162.2,62.6,88.1,74.5,S
188.1,88.4,103.8,102.0,XL
151.7,61.6,85.4,80.8,S
187.5,95.0,102.5,100.6,XL
194.5,97.4,115.7,98.7,XL
176.8,70.9,105.1,93.5,L
157.7,83.8,95.9,77.1,M
169.5,62.0,88.2,83.1,M
177.8,95.0,113.5,112.6,XL
177.7,83.4,105.8,95.7,L
161.9,40.9,76.0,76.1,S
173.0,66.7,92.9,94.7,L
188.1,103.1,127.5,115.7,XXL
176.7,75.0,104.3,95.8,L
165.1,55.2,90.6,79.3,M
172.0,70.4,92.2,76.9,M
172.3,61.4,88.6,83.6,M
184.3,72.2,112.9,100.0,XL
181.5,81.0,116.5,106.0,XL
167.0,67.2,97.3,93.9,M
180.0,67.4,97.5,88.5,L
193.9,112.1,123.6,106.9,XXL
177.7,76.0,116.9,95.4,XL
189.6,113.2,115.7,112.5,XXL
170.0,74.8,99.9,71.6,M
183.2,74.6,86.4,84.7,M
190.4,92.6,122.3,101.1,XL
177.0,73.1,97.3,89.0,L
162.9,51.4,77.2,69.1,S
184.1,68.3,98.5,98.7,L
171.6,81.3,105.0,107.1,XL
186.6,72.0,110.9,106.8,XL
178.5,99.1,107.5,96.6,XL
201.1,112.8,124.5,110.0,XXL
156.1,50.3,74.4,57.8,S
159.3,56.5,80.1,69.7,S
159.7,54.0,80.8,60.4,S
159.0,41.1,78.1,65.0,S
196.7,116.4,126.9,114.8,XXL
190.3,107.3,120.7,112.1,XXL
158.4,49.3,87.9,76.0,S
150.4,50.3,69.2,59.9,S
187.1,99.5,109.7,100.0,XL
162.6,75.0,98.4,83.2,M
171.4,72.2,91.2,80.2,M
179.9,82.2,105.5,90.0,L
188.4,114.7,131.8,117.1,XXL
159.9,37.6,80.0,58.6,S
180.4,48.1,96.3,88.1,M
161.8,68.8,83.6,67.9,S
195.6,101.9,116.4,109.4,XXL
171.6,68.0,99.0,83.9,M
175.6,50.9,95.8,77.0,M
163.7,39.6,85.2,70.6,S
169.3,52.7,94.5,82.3,M
166.2,60.0,88.7,62.6,S
193.0,105.3,119.6,111.8,XXL
173.1,84.4,105.6,110.2,XL
176.3,83.4,115.9,100.8,XL
181.4,64.0,91.6,85.8,M
176.4,66.2,105.3,98.5,L
173.9,75.9,103.8,81.6,L
169.4,88.7,106.4,89.5,L
177.5,64.8,90.9,75.4,M
185.6,91.7,122.0,106.4,XL
160.5,42.7,84.6,72.6,S
162.3,72.6,83.8,82.8,M
176.0,79.1,107.1,92.6,L
168.5,78.4,106.9,94.4,L
157.3,47.5,87.8,66.3,S
191.5,108.6,122.0,113.1,XXL
187.6,109.3,122.0,107.5,XXL
169.3,63.3,98.5,82.0,M
162.7,68.4,93.8,69.5,M
166.4,61.7,88.8,64.9,S
179.6,61.4,103.4,90.1,L
173.8,62.1,104.1,88.8,L
163.1,67.0,102.2,74.0,M
182.3,115.1,126.0,121.7,XXL
161.3,48.4,82.8,72.2,S
184.0,96.4,117.9,101.5,XL
166.7,90.7,121.6,94.5,XL
193.3,100.3,112.9,109.4,XXL
180.6,83.0,100.5,87.9,L
185.8,91.6,125.4,87.9,XL
184.6,78.2,103.9,98.9,L
188.3,90.5,118.6,97.6,XL
166.4,66.1,96.1,92.1,M
156.9,42.4,94.7,70.1,S
197.1,110.1,121.8,110.9,XXL
194.8,94.0,107.7,98.5,XL
159.5,46.0,75.3,73.9,S
179.5,62.5,93.8,88.7,M
178.0,70.9,109.4,84.3,L
157.6,58.5,80.7,65.9,S
162.9,65.6,94.7,78.6,M
150.2,68.2,91.5,65.3,S
185.4,114.4,120.0,114.8,XXL
165.2,54.7,95.6,77.7,M
192.2,92.1,136.7,114.3,XXL
177.0,65.1,74.4,65.3,S
185.3,105.6,120.2,116.0,XXL
171.7,75.9,98.9,87.3,L
186.4,112.3,133.4,114.7,XXL
181.1,78.8,116.2,102.6,XL
196.1,94.5,118.6,94.1,XL
186.9,83.6,112.8,90.3,XL
168.4,54.9,84.2,67.9,S
168.9,76.0,88.1,77.3,M
178.8,94.5,113.1,105.8,XL
164.4,57.3,89.9,72.3,S
160.3,59.4,83.1,83.2,S
191.4,88.5,108.0,94.1,XL
174.1,79.2,104.3,92.7,L
167.9,71.2,87.7,82.6,M
184.0,70.8,105.6,89.9,L
168.7,56.4,107.0,86.9,M
187.7,93.0,115.0,107.0,XL
185.1,102.1,125.9,108.0,XXL
157.8,49.4,85.0,64.7,S
182.9,78.0,122.2,98.2,XL
149.0,45.5,90.4,65.7,S
166.3,56.6,79.9,70.1,S
183.1,104.8,116.7,100.1,XL
166.9,69.3,98.0,73.6,M
194.6,101.4,114.6,106.0,XXL
178.1,52.9,86.0,66.9,S
196.4,102.6,112.1,104.9,XXL
184.6,66.2,106.7,88.5,L
172.7,62.4,90.6,84.0,M
178.9,77.4,115.8,92.5,L
181.0,77.2,108.8,107.4,XL
168.8,73.9,90.8,76.9,M
175.3,58.8,90.2,73.7,M
177.6,87.8,104.9,102.8,XL
188.9,110.2,129.8,111.9,XXL
171.1,63.1,83.6,96.6,M
182.1,111.3,126.5,114.2,XXL
191.3,109.8,132.2,108.1,XXL
185.3,96.1,118.1,99.2,XL
179.9,66.7,101.3,90.7,L
151.2,45.6,88.1,72.5,S
169.1,58.1,82.1,78.4,M
198.2,100.0,128.8,102.1,XXL
193.9,102.2,126.7,107.4,XXL
171.9,63.4,93.6,74.6,M
187.7,73.0,121.1,106.2,XL
165.9,78.8,102.7,96.2,L
158.4,60.9,95.2,76.1,M
146.8,64.8,88.2,73.2,S
160.6,68.5,78.7,77.9,S
157.1,58.7,77.7,54.8,S
188.6,103.9,124.8,116.4,XXL
170.9,48.9,80.7,74.0,S
162.6,48.7,79.9,77.3,S
196.0,101.3,125.8,107.9,XXL
194.5,100.1,118.9,108.3,XXL
175.7,82.3,102.7,86.1,L
188.5,83.2,118.8,97.4,XL
189.0,125.0,117.7,109.9,XXL
163.9,39.0,76.0,82.8,S
187.6,77.6,111.7,100.0,XL
169.0,70.1,93.6,71.3,M
194.6,105.4,113.0,93.3,XL
169.3,72.9,81.3,87.4,M
160.2,57.5,90.5,74.1,S
169.6,73.2,104.2,94.8,L
187.9,85.3,115.2,106.1,XL
180.1,68.1,121.1,109.2,XL
171.3,69.0,92.0,74.7,M
192.5,102.8,124.7,114.8,XXL
183.1,74.2,116.1,112.4,XL
199.7,100.1,123.0,116.6,XXL
195.4,105.3,128.0,122.6,XXL
190.6,96.6,122.6,117.8,XXL
159.0,49.4,86.3,69.1,S
182.0,61.4,93.7,72.5,M
174.0,74.4,109.3,74.0,L
170.9,67.4,89.3,84.2,M
188.7,101.1,116.7,116.3,XXL
188.1,109.3,124.4,119.9,XXL
190.0,82.8,96.6,99.9,L
172.3,80.6,99.1,95.6,L
196.1,104.6,132.3,108.0,XXL
174.4,94.5,94.2,84.3,L
192.3,86.4,109.6,104.4,XL
167.6,88.7,119.0,90.3,L
179.8,74.4,108.3,93.6,L
171.5,79.0,103.1,93.1,L
168.5,68.9,76.9,77.4,S
185.5,74.0,96.4,89.0,L
182.9,105.2,131.1,124.0,XXL
162.7,52.4,93.2,56.2,S
169.4,69.9,93.8,78.7,M
187.6,87.3,108.1,97.8,XL
179.7,71.6,110.6,70.7,L
162.2,54.6,82.7,72.3,S
181.3,62.8,101.4,100.3,L
184.0,73.6,93.7,84.6,L
187.3,95.3,110.8,110.6,XL
191.3,100.5,133.1,109.7,XXL
167.8,67.6,76.5,73.1,S
149.4,54.9,81.7,71.2,S
161.1,47.5,89.4,71.2,S
164.4,76.3,98.6,92.0,L
178.7,78.4,110.8,101.3,XL
166.9,71.8,94.2,83.1,M
174.5,76.5,99.6,101.8,L
161.2,39.0,95.3,69.0,S
174.6,73.1,99.3,93.6,L
160.2,42.7,81.2,76.2,S
149.5,52.8,74.2,55.0,S
179.8,89.8,105.3,86.8,L
162.3,57.6,95.5,57.0,S
193.7,98.4,124.8,111.3,XXL
184.6,89.5,105.3,84.9,L
155.7,47.9,76.1,65.6,S
160.1,68.0,87.3,72.7,S
163.3,74.6,90.4,70.0,M
192.1,95.0,133.8,114.5,XXL
171.3,86.6,97.8,92.2,L
192.4,126.0,111.4,111.7,XXL
151.3,66.9,74.3,67.9,S
196.5,96.0,121.5,116.5,XXL
161.5,48.2,87.7,64.1,S
164.3,68.3,101.8,95.6,L
190.5,79.9,106.6,105.8,XL
176.3,67.7,106.3,92.1,L
174.1,72.4,100.1,87.7,L
168.4,77.0,97.4,82.7,M
164.7,41.9,84.6,63.9,S
171.8,48.3,78.5,70.0,S
186.1,98.6,120.4,101.0,XL
191.1,102.6,120.1,96.8,XL
170.2,57.6,82.7,70.1,S
172.6,74.9,102.9,72.6,M
185.3,119.2,124.6,114.8,XXL
178.6,94.2,108.8,95.8,XL
193.9,96.2,131.5,113.0,XXL
165.3,46.6,88.3,63.5,S
162.1,67.1,93.8,70.7,M
177.1,68.2,88.2,75.2,M
166.0,73.7,99.4,87.6,M
177.4,52.4,101.5,93.4,L
180.2,100.8,130.6,109.7,XXL
174.8,53.5,106.3,92.3,L
160.8,52.2,79.7,74.9,S
185.5,90.9,124.4,94.1,XL
155.1,68.8,84.2,61.7,S
161.3,75.1,89.2,70.7,M
182.1,60.8,106.7,86.2,L
193.9,95.0,115.4,102.9,XL
178.6,69.7,99.0,100.6,L
172.3,74.3,98.0,79.5,M
193.2,107.5,118.0,115.1,XXL
193.4,103.0,125.4,113.4,XXL
156.0,43.8,75.4,66.5,S
181.2,91.2,117.4,93.9,XL
186.9,83.1,127.1,101.2,XL
182.3,81.4,115.1,94.3,XL
180.2,112.7,123.3,110.3,XXL
191.0,96.5,123.2,109.5,XXL
193.0,97.9,115.4,112.4,XXL
166.3,57.6,91.8,71.7,M
165.0,59.8,82.3,82.3,M
180.8,83.7,101.1,95.0,L
159.5,52.3,88.6,73.1,S
197.1,99.5,130.0,113.0,XXL
178.1,80.6,104.2,94.5,L
190.3,110.8,121.8,126.3,XXL
179.4,105.0,126.4,105.3,XXL
169.6,55.7,77.9,71.3,S
188.2,71.8,96.3,84.6,L
170.9,56.5,80.4,76.7,S
181.9,89.9,112.4,96.2,XL
187.6,77.0,109.2,102.6,XL
190.2,107.4,126.4,113.5,XXL
176.0,92.6,101.0,92.9,L
179.4,72.3,100.5,91.4,L
187.1,84.2,111.9,88.8,XL
156.4,51.4,83.1,63.6,S
182.8,81.8,118.9,95.0,XL
162.8,42.1,82.8,65.4,S
192.8,91.1,116.6,106.0,XL
187.4,111.2,128.2,120.1,XXL
182.4,77.2,95.5,95.3,L
171.2,88.8,122.0,113.3,XL
184.7,94.1,108.1,103.4,XL
164.3,55.6,83.0,64.5,S
200.8,115.0,120.6,113.2,XXL
162.1,50.8,91.8,90.3,M
183.0,93.5,108.7,100.8,XL
175.9,86.8,127.4,94.4,XL
145.2,45.6,88.7,64.6,S
185.9,76.8,110.7,92.3,L
176.5,56.4,90.0,85.7,M
179.2,69.4,114.4,84.1,L
169.1,86.2,96.4,81.8,M
183.8,79.9,87.0,89.5,L
175.8,75.6,111.7,101.4,XL
182.4,112.8,109.6,108.7,XXL
164.6,51.9,94.1,72.8,S
175.2,54.9,106.8,94.7,L
151.1,37.8,73.8,64.6,S
183.0,72.9,105.7,87.8,L
190.3,89.8,120.1,85.8,XL
165.8,64.7,82.2,79.1,M
188.7,97.5,132.0,117.6,XXL
177.1,80.9,109.1,101.6,XL
186.4,109.0,127.2,115.9,XXL
184.1,103.9,135.8,117.0,XXL
157.7,43.2,86.1,64.1,S
169.1,67.5,90.4,80.8,M
182.8,71.8,94.7,93.4,L
187.9,91.2,112.8,99.3,XL
182.7,105.5,124.7,113.1,XXL
175.0,60.0,102.3,83.8,M
176.1,66.4,108.0,94.0,L
184.1,67.8,106.5,85.2,L
184.4,95.9,121.9,108.5,XXL
183.3,77.2,105.8,86.7,L
168.7,58.0,95.6,76.2,M
168.9,74.7,86.6,83.6,M
166.2,71.7,88.7,84.0,M
183.7,64.0,113.8,88.2,L
166.9,70.0,102.4,80.7,M
176.3,95.7,115.1,98.6,XL
182.1,74.4,104.8,89.7,L
164.1,51.5,88.6,73.7,S
189.0,76.0,98.2,89.1,L
160.2,52.6,81.4,77.6,S
175.7,99.2,102.0,92.3,L
177.5,103.1,136.9,102.7,XXL
172.4,59.6,92.8,76.9,M
163.7,40.6,73.2,77.1,S
189.2,108.7,128.4,117.1,XXL
166.7,62.2,83.0,76.6,S
190.2,108.5,122.5,104.0,XXL
164.4,47.1,80.4,78.2,S
180.6,88.1,103.9,81.5,L
178.9,73.1,95.8,77.7,M
164.2,78.8,99.8,74.5,M
186.1,99.5,113.8,99.3,XL
194.3,101.0,124.1,108.9,XXL
186.2,90.7,122.9,93.8,XL
195.6,92.7,119.0,121.9,XXL
159.5,52.8,94.3,76.9,S
188.6,109.4,125.4,102.1,XXL
190.5,104.5,125.9,108.4,XXL
173.1,90.0,112.1,87.2,L
181.6,79.0,125.5,112.7,XL
187.2,87.7,100.2,85.7,L
181.9,87.7,110.0,93.0,XL
181.4,85.2,114.2,104.4,XL
165.8,67.9,89.9,72.7,M
193.7,91.5,127.9,111.2,XXL
198.5,101.1,127.8,111.5,XXL
154.9,48.1,87.2,66.0,S
191.7,109.0,119.1,110.4,XXL
171.2,69.7,107.7,92.3,L
174.2,48.8,88.7,78.0,M
169.4,79.0,112.4,88.6,L
189.1,97.2,126.2,110.7,XXL
191.1,79.8,111.9,110.2,XL
198.4,95.7,123.3,109.2,XXL
187.8,97.1,110.1,95.4,XL
167.7,58.5,93.9,71.1,M
170.7,89.4,113.3,95.3,XL
173.5,85.3,94.4,90.2,L
157.9,51.4,81.8,74.8,S
167.9,67.2,95.7,84.0,M
187.0,90.1,111.3,101.2,XL
197.5,105.6,118.1,116.0,XXL
185.9,111.6,118.3,116.2,XXL
192.7,93.8,117.0,107.6,XXL
168.7,90.5,108.4,87.6,L
181.3,61.7,98.4,94.1,L
189.4,113.9,128.1,120.4,XXL
198.5,102.3,128.2,111.6,XXL
184.4,65.1,96.9,91.6,L
189.2,94.4,136.9,109.2,XXL
177.8,88.1,107.8,93.0,L
179.5,63.7,102.3,91.5,L
189.9,100.6,109.7,99.5,XL
177.8,95.1,127.1,121.3,XXL
167.0,60.1,83.4,90.4,M
175.1,51.1,105.3,84.1,M
189.8,76.4,115.2,95.3,XL
173.7,82.4,104.7,85.9,L
183.1,73.1,95.4,83.7,L
187.5,112.9,125.6,113.5,XXL
190.4,92.0,118.5,99.2,XL
176.0,83.7,107.1,85.8,L
203.5,101.3,123.0,117.1,XXL
165.8,62.2,92.3,78.0,M
161.8,77.2,100.6,83.7,M
174.8,79.7,94.0,91.8,L
187.7,104.5,118.0,106.5,XXL
156.7,66.5,76.4,79.2,S
163.9,45.6,90.5,74.7,S
183.5,65.5,109.7,97.1,L
156.8,55.5,82.6,55.2,S
189.6,96.2,114.2,94.6,XL
172.9,61.1,93.4,73.3,M
187.6,110.6,119.1,101.0,XXL
156.9,44.6,73.5,65.8,S
177.5,73.7,92.0,81.5,M
182.6,93.7,117.1,93.5,XL
167.0,44.3,89.2,72.1,S
176.7,93.8,122.5,105.0,XL
181.5,64.0,79.9,83.9,M
194.4,106.9,124.2,109.9,XXL
153.2,54.0,80.7,65.0,S
196.3,104.4,134.5,117.2,XXL
167.8,85.9,107.0,93.2,L
183.3,93.0,114.1,100.9,XL
178.4,68.9,91.7,82.3,M
164.9,54.7,101.6,63.8,S
158.1,64.0,86.4,78.7,S
164.7,55.4,86.3,85.9,M
189.4,83.9,112.4,102.2,XL
157.8,54.4,88.0,73.7,S
182.9,76.4,105.8,100.0,L
188.9,100.2,133.9,111.9,XXL
169.8,73.4,89.9,81.3,M
157.7,43.7,79.1,59.1,S
168.5,62.1,94.1,72.0,M
184.3,81.5,100.5,96.7,L
175.9,55.9,87.4,84.1,M
162.4,52.3,85.4,78.0,S
191.5,70.7,111.0,92.2,L
197.7,87.0,122.8,129.9,XXL
190.9,110.8,134.4,105.6,XXL
175.5,86.3,103.1,107.1,XL
195.7,104.6,127.1,111.3,XXL
158.2,53.2,94.0,76.7,S
169.4,65.2,111.8,84.8,L
177.0,74.5,106.7,85.5,L
189.0,88.3,112.5,105.6,XL
159.7,71.4,93.5,79.3,M
167.3,65.2,90.4,79.0,M
177.3,71.3,121.5,91.2,L
167.6,58.1,77.5,74.0,S
186.3,112.2,119.0,123.1,XXL
176.9,73.4,94.8,80.4,M
180.0,102.5,110.4,92.8,XL
177.1,88.0,114.3,108.4,XL
185.1,89.6,109.6,98.9,XL
